text,label
"Peluncuran smartphone kecerdasan buatan baru mengubah peta persaingan teknologi seluler global.",Teknologi
"Pengembangan jaringan 5G nasional mempercepat transformasi digital sektor industri di Indonesia.",Teknologi
"Startup bidang software kecerdasan buatan meraih pendanaan seri B puluhan juta dolar.",Teknologi
"Penerapan teknologi blockchain meningkatkan efisiensi keamanan transaksi sistem perbankan.",Teknologi
"Komputer kuantum diprediksi akan merevolusi kecepatan pemrosesan data enkripsi keamanan tinggi.",Teknologi
"Inovasi perangkat kecerdasan buatan membantu deteksi dini serangan siber pada jaringan enterprise.",Teknologi
"Sistem otomasi robotik industri manufaktur berhasil menaikkan kapasitas produksi secara signifikan.",Teknologi
"Aplikasi komputasi awan mempermudah kolaborasi kerja jarak jauh antar pengembang perangkat lunak.",Teknologi
"Pengembangan chip semi konduktor ukuran nanometer meningkatkan kinerja prosesor generasi terbaru.",Teknologi
"Integrasi kecerdasan buatan pada kamera smartphone menghasilkan fotografi berkualitas tinggi.",Teknologi
"Infrastruktur pusat data ramah lingkungan mengurangi konsumsi daya listrik server secara efisien.",Teknologi
"Aplikasi dompet digital berbasis kecerdasan buatan mempermudah verifikasi identitas pengguna.",Teknologi
"Teknologi kecerdasan buatan generatif membuka peluang baru bagi industri kreatif dan pemrograman.",Teknologi
"Perusahaan komputasi awan meluncurkan layanan penyimpanan data terevolusi untuk enterprise.",Teknologi
"Pembaruan sistem operasi terbaru menghadirkan fitur keamanan siber yang lebih diperketat.",Teknologi
"Penggunaan sensor IoT pada pertanian presisi membantu memantau kelembaban tanah secara akurat.",Teknologi
"Teknologi kecerdasan buatan digunakan untuk mengoptimalkan lalu lintas penerbangan bandara.",Teknologi
"Platform media sosial meluncurkan enkripsi ujung ke ujung untuk menjaga privasi pesan pengguna.",Teknologi
"Pengembangan mobil listrik berbasis baterai baterai lithium canggih semakin diminati pasar.",Teknologi
"Riset kecerdasan buatan mempermudah penerjemahan bahasa otomatis secara cepat dan akurat.",Teknologi
"Kementerian Pendidikan meluncurkan kurikulum baru untuk memperkuat kompetensi siswa di bidang sains.",Pendidikan
"Program beasiswa perguruan tinggi negeri memberikan kesempatan belajar bagi mahasiswa berprestasi.",Pendidikan
"Peningkatan kualitas guru sekolah dasar menjadi fokus utama reformasi sistem edukasi nasional.",Pendidikan
"Ujian nasional berbasis komputer mendorong akuntabilitas dan efisiensi dalam evaluasi pembelajaran.",Pendidikan
"Pelatihan pembelajaran digital interaktif membantu para pengajar menyajikan materi yang menyenangkan.",Pendidikan
"Perpustakaan digital kampus menyediakan ribuan referensi jurnal ilmiah yang dapat diakses online.",Pendidikan
"Program pertukaran pelajar internasional membuka wawasan global mahasiswa Indonesia.",Pendidikan
"Pendidikan karakter berbasis budaya lokal diterapkan di sekolah menengah seluruh provinsi.",Pendidikan
"Pemerintah mengalokasikan anggaran khusus untuk perbaikan fasilitas sekolah di daerah terpencil.",Pendidikan
"Pengembangan keterampilan vokasi dan kejuruan disesuaikan dengan kebutuhan dunia kerja industri.",Pendidikan
"Metode pembelajaran matematika interaktif meningkatkan pemahaman konsep dasar para siswa.",Pendidikan
"Seminar ilmiah internasional membahas inovasi pengajaran sains pada era digitalisasi.",Pendidikan
"Pentingnya literasi baca tulis dan literasi digital ditanamkan sejak pendidikan anak usia dini.",Pendidikan
"Beasiswa vokasi diberikan kepada siswa SMK untuk magang industri di luar negeri.",Pendidikan
"Sistem pendaftaran peserta didik baru secara daring berjalan transparan dan terintegrasi.",Pendidikan
"Pengembangan kurikulum merdeka memberikan fleksibilitas bagi sekolah menentukan materi ajar.",Pendidikan
"Pelatihan literasi keuangan dimasukkan ke dalam kurikulum pendidikan menengah atas.",Pendidikan
"Universitas terkemuka membuka program studi baru bidang sains data dan kecerdasan buatan.",Pendidikan
"Keterlibatan orang tua dalam pendampingan belajar di rumah tingkatkan pencapaian akademik anak.",Pendidikan
"Program pengabdian masyarakat dosen tingkatkan kualitas edukasi di desa tertinggal.",Pendidikan
"Kementerian Kesehatan mengimbau masyarakat untuk menjaga pola makan seimbang dan olahraga rutin.",Kesehatan
"Pencegahan stunting pada anak dilakukan melalui pemberian nutrisi berprotein tinggi.",Kesehatan
"Vaksinasi massal efektif mengurangi angka penularan penyakit menular di kawasan pemukiman.",Kesehatan
"Pentingnya menjaga kesehatan mental dan mengurangi stres kerja di lingkungan perkantoran.",Kesehatan
"Rumah sakit umum melengkapi fasilitas laboratorium diagnostik canggih untuk deteksi penyakit.",Kesehatan
"Dokter spesialis menyarankan konsumsi buah dan sayuran segar setiap hari untuk imunitas tubuh.",Kesehatan
"Program pemeriksaan kesehatan gratis digelar untuk lansia di pusat pelayanan masyarakat.",Kesehatan
"Bahaya merokok bagi kesehatan paru-paru dan jantung terus disosialisasikan secara intensif.",Kesehatan
"Layanan telemedicine memudahkan pasien berkonsultasi dengan dokter tanpa keluar rumah.",Kesehatan
"Penelitian medis menemukan senyawa alami yang berpotensi sebagai bahan obat antiinflamasi.",Kesehatan
"Pola tidur teratur delapan jam sehari sangat penting untuk pemulihan sel tubuh dan daya tahan.",Kesehatan
"Kesiapsiagaan tenaga medis dalam menangani demam berdarah dengue ditingkatkan jelang musim hujan.",Kesehatan
"Konsumsi air putih yang cukup mencegah dehidrasi dan menjaga kinerja organ ginjal.",Kesehatan
"Edukasi hipertensi dan penyakit kardiovaskular diberikan kepada warga usia lanjut.",Kesehatan
"Penggunaan masker saat udara berdebu melindungi saluran pernapasan dari polusi berat.",Kesehatan
"Terapi fisik dan rehabilitasi membantu pemulihan pasien cedera tulang secara optimal.",Kesehatan
"Pengawasan ketat terhadap keamanan pangan dan obat ilegal terus ditingkatkan Badan POM.",Kesehatan
"Pentingnya konsumsi asupan vitamin dan mineral untuk menjaga daya tahan tubuh anak.",Kesehatan
"Pemeriksaan gula darah berkala mencegah risiko komplikasi diabetes melitus pada pasien.",Kesehatan
"Olahraga jalan kaki setiap pagi terbukti secara medis meningkatkan kesehatan jantung.",Kesehatan
"Dewan Perwakilan Rakyat mengesahkan undang-undang baru terkait tata kelola pemilihan umum.",Politik
"Kampanye dialogis calon pemimpin daerah menekankan janji transparansi dan komitmen komitmen publik.",Politik
"Hubungan diplomatik antar negara diperkuat melalui penandatanganan kesepakatan bilateral.",Politik
"Partai politik menyelaraskan strategi konsolidasi internal menjelang pesta demokrasi nasional.",Politik
"Sidang kabinet paripurna membahas arah kebijakan strategis pembangunan infrastruktur negara.",Politik
"Komisi Pemilihan Umum memastikan kesiapan logistik pemilu tepat waktu di seluruh daerah.",Politik
"Debat terbuka calon presiden menyajikan adu gagasan mengenai pertumbuhan ekonomi dan hukum.",Politik
"Kebijakan luar negeri difokuskan pada penguatan perdamaian kawasan dan diplomasi ekonomi.",Politik
"Dinamika koalisi partai politik menciptakan konfigurasi peta kekuatan parlemen yang baru.",Politik
"Badan Pengawas Pemilu menindaklanjuti laporan pelanggaran aturan masa kampanye peserta.",Politik
"Restrukturisasi organisasi kementerian dilakukan untuk meningkatkan efisiensi tata kelola.",Politik
"Rapat dengar pendapat DPR bersama kementerian membahas alokasi anggaran pendapatan negara.",Politik
"Partisipasi aktif masyarakat dalam pengawasan pemilu penting untuk menjaga kredibilitas demokrasi.",Politik
"Diplomasi multilateral antar negara kawasan memperkuat posisi perundingan dagang internasional.",Politik
"Penetapan nomor urut peserta pemilu berlangsung tertib dan disaksikan saksi seluruh partai.",Politik
"Reformasi birokrasi dan transparansi layanan publik menjadi prioritas utama pemerintahan baru.",Politik
"Komisi Pemberantasan Korupsi memperkuat upaya penindakan dan pencegahan gratifikasi pejabat.",Politik
"Isu perimbangan keuangan pusat dan daerah menjadi topik hangat pembahasan undang-undang.",Politik
"Kunjungan kenegaraan presiden ke negara tetangga mempererat kerja sama bidang keamanan.",Politik
"Evaluasi kinerja lembaga pemerintah dilakukan guna meningkatkan akuntabilitas dan efisiensi.",Politik
"Laju inflasi bulan ini terkendali didukung oleh stabilitas harga bahan pangan pokok.",Ekonomi
"Bank sentral memutuskan untuk mempertahankan suku bunga acuan guna menjaga stabilitas nilai tukar.",Ekonomi
"Pertumbuhan ekonomi nasional diproyeksikan meningkat seiring dengan peningkatan investasi asing.",Ekonomi
"Sektor usaha mikro kecil dan menengah mendominasi kontribusi terhadap pendapatan domestik bruto.",Ekonomi
"Pasar saham bergerak menguat didorong aksi beli investor terhadap saham sektor perbankan.",Ekonomi
"Nilai ekspor komoditas unggulan mengalami peningkatan drastis pada kuartal pertama tahun ini.",Ekonomi
"Pemerintah menerbitkan surat berharga negara untuk membiayai proyek pembangunan infrastruktur.",Ekonomi
"Insentif pajak diberikan kepada pelaku usaha ekspor guna memicu laju perdagangan internasional.",Ekonomi
"Tingkat pengangguran berkurang drastis berkat pembukaan lapangan kerja baru di sektor industri.",Ekonomi
"Kerja sama perdagangan komoditas ekspor memperluas jangkauan pasar ekspor ke Eropa.",Ekonomi
"Cadangan devisa negara mencatatkan rekor tertinggi didorong oleh penerimaan devisa ekspor.",Ekonomi
"Digitalisasi pembayaran di pasar tradisional mempercepat perputaran uang dan transaksi bisnis.",Ekonomi
"Sektor pariwisata memberikan kontribusi besar pada penerimaan devisa negara tahun ini.",Ekonomi
"Harga komoditas kelapa sawit dan batu bara mengalami kenaikan di pasar perdagangan global.",Ekonomi
"Kebijakan diversifikasi energi fosil ke energi terbarukan menarik minat investor global.",Ekonomi
"Analisis pasar pasar menunjukkan kebangkitan daya beli masyarakat di pusat perbelanjaan.",Ekonomi
"Pemerintah menyalurkan bantuan subsidi energi tepat sasaran untuk masyarakat berpenghasilan rendah.",Ekonomi
"Sektor perbankan mencatatkan pertumbuhaan penyaluran kredit usaha yang signifikan dan sehat.",Ekonomi
"Investasi kawasan industri manufaktur menyerap tenaga kerja lokal dalam jumlah besar.",Ekonomi
"Realisasi penerimaan pajak negara melebihi target yang ditetapkan dalam anggaran belanja.",Ekonomi
"Tim nasional sepak bola berhasil menembus babak final turnamen kejuaraan antar negara.",Olahraga
"Atlet bulu tangkis tunggal putra meraih medali emas pada kejuaraan kejuaraan internasional.",Olahraga
"Pertandingan kompetisi sepak bola liga utama berlangsung sengit di hadapan puluhan ribu penonton.",Olahraga
"Pembalap balap sepeda jalan raya mencatatkan waktu tercepat pada etape terakhir kejuaraan.",Olahraga
"Persiapan arena olahraga dan stadion untuk pekan olahraga nasional telah selesai dilaksanakan.",Olahraga
"Klub bola basket nasional merekrut pemain asing baru untuk memperkuat lini pertahanan.",Olahraga
"Turnamen tenis meja internasional diikuti oleh ratusan atlet berprestasi dari berbagai negara.",Olahraga
"Pelatihan pelatnas cabang olahraga panahan menggembleng fisik dan mental para atlet muda.",Olahraga
"Rekor nasional lari seratus meter berhasil dipecahkan oleh pelari muda asal daerah.",Olahraga
"Kemenangan dramatis tim bola voli putri memastikan langkah mereka menuju babak semifinal.",Olahraga
"Stadion kebanggaan warga diperbaiki guna memenuhi standar internasional federasi sepak bola.",Olahraga
"Turnamen catur terbuka menarik perhatian grandmaster internasional untuk bertanding.",Olahraga
"Atlet pencak silat Indonesia meraih predikat juara umum pada kejuaraan olahraga pencak silat.",Olahraga
"Pertandingan tinju kelas berat menyedot perhatian antusiasme para pecinta olahraga bela diri.",Olahraga
"Klub renang nasional mengirimkan atlet terbaiknya mengikuti kejuaraan renang dunia.",Olahraga
"Kejuaraan maraton internasional jalan raya diikuti ribuan pelari amatir dan profesional.",Olahraga
"Latihan intensif skuat sepak bola fokus pada perbaikan taktik penyerangan dan pertahanan.",Olahraga
"Gelar juara kejuaraan dunia ganda campuran bulu tangkis berhasil disabet pasangan Indonesia.",Olahraga
"Kompetisi balap mobil formula berlangsung menegangkan di sirkuit bertaraf internasional.",Olahraga
"Pusat pelatihan olahraga nasional membina bibit-bibit muda potensial untuk ajang olimpiade.",Olahraga
"Konser musik band papan atas sukses menghibur puluhan ribu penggemar di stadion utama.",Hiburan
"Film drama romantis terbaru karya sutradara ternama menembus jutaan penonton di bioskop.",Hiburan
"Festival film internasional memberikan penghargaan penghargaan terbaik bagi sineas muda berbakat.",Hiburan
"Album musik studio terbaru penyanyi solo mendapat sambutan hangat di platform musik digital.",Hiburan
"Pameran seni rupa modern menampilkan karya lukisan dan instalasi dari seniman internasional.",Hiburan
"Serial drama komedi televisi meraih rating tinggi berkat jalan cerita yang menghibur.",Hiburan
"Aktor kenamaan memenangkan penghargaan pemeran utama pria terbaik pada malam penganugerahan.",Hiburan
"Pertunjukan seni tari tradisional kolosal memukau para wisatawan domestik dan asing.",Hiburan
"Peluncuran cuplikan film petualangan fantasi terbaru menjadi tren perbincangan hangat publik.",Hiburan
"Grup musik papan atas mengumumkan tur konser dunia di puluhan kota besar Asia.",Hiburan
"Festival musik lintas genre menghadirkan puluhan musisi lokal dan mancanegara dalam satu panggung.",Hiburan
"Industri penyiaran program realitas populer menarik minat banyak sponsor dan pemirsa.",Hiburan
"Teater seni pertunjukan panggung menyajikan kisah sejarah budaya dengan tata cahaya indah.",Hiburan
"Penulis novel laris meluncurkan buku adaptasi film yang dinantikan para pembaca setia.",Hiburan
"Komedi tunggal atau stand up comedy menjadi pilihan hiburan populer bagi anak muda perkotaan.",Hiburan
"Aktris muda berbakat membintangi film layar lebar aksi laga beranggaran produksi besar.",Hiburan
"Rilis lagu terbaru dari grup idola langsung menguasai tangga lagu musik Indonesia.",Hiburan
"Malam puncak anugerah musik Indonesia dimeriahkan dengan penampilan beragam penampilan spektakuler.",Hiburan
"Dokumenter perjalanan keindahan alam Indonesia mendapat apresiasi tinggi di festival film internasional.",Hiburan
"Pameran fotografi karya seniman muda menampilkan potret kehidupan sosial kota yang estetik.",Hiburan
